{
  "model_type": "content-based",
  "feature_means": [
    0.4532927044215137,
    0.5194421594741722,
    0.5155216480308947,
    0.48157040411337443,
    6.06,
    0.5609542529472137,
    -9.456686136185946,
    0.54,
    0.2699477654377713,
    127.5146768741684,
    0.508289388394396
  ],
  "feature_stds": [
    0.28862122756463326,
    0.2922328941237078,
    0.2683501700785722,
    0.2652315124450653,
    3.5603932367085522,
    0.3002814533095938,
    5.5710716921408086,
    0.4983974317750847,
    0.1494803815063278,
    38.23059708320935,
    0.27615744948803234
  ],
  "track_ids": [
    "a26266e3-9355-474a-95f5-4fe453c0a998",
    "78cfb8c1-4a17-4b8d-8c59-95582f7d6d00",
    "20cd54e9-73d6-4eab-b14c-34bfe18ae816",
    "ca248215-77dc-4530-987c-33076c09e952",
    "61b5c1ae-f7b0-4039-9193-6592ca7b1ca7",
    "9ab65bcd-bb67-424e-9e53-7ee3d548bd20",
    "4f599c28-a20e-4b30-8aa3-1de6ea3122b4",
    "e702ad6c-7178-4a8a-acd3-7424528ba754",
    "a362c275-8cf0-41e2-b301-85c9ddb2e8c5",
    "89f958af-2397-42bd-85c3-3a82123426b5",
    "6975f271-b96e-4bcd-afba-416db2d8f32e",
    "3489ce05-6d06-497c-b676-6a367d802c70",
    "7df9b44a-b9a6-4ccd-be3d-8510269f96ff",
    "e3aaab21-fca8-4b75-8f22-d2876c3bca13",
    "b8fce203-b685-4ec4-a559-b8c22eff317d",
    "869979e7-c5a7-46d8-9890-b4d7648d4ac8",
    "68e2a201-5931-4560-9a72-34991e2746f3",
    "7ef748fb-7c53-4f81-8395-db4cf1e781e0",
    "3b37fbb9-591f-4ebf-b8d9-5209fc8b2708",
    "2dc2fd7a-100d-4533-8a21-946827558bf5",
    "bd06e679-33ee-4495-879a-20f17ca9c845",
    "bd9d08e3-75d1-43d4-8c90-a18e874cb8cd",
    "1f73798b-5667-4255-8392-a18e10cdd0fb",
    "390e5d0d-4ad6-4e60-889b-28d0e9557577",
    "8291a303-5df7-4c11-bc99-500d41ad864e",
    "bf0900d9-e244-4f22-9b04-5c99d3a552d9",
    "1b662adb-b6fc-40c8-961a-bf829095172c",
    "677862ea-d0d2-477b-8751-574249959ce0",
    "1f79f214-cc58-49e5-a545-604d8adcfbde",
    "66ab7908-8349-41bf-abda-d577a0751811",
    "14943089-b1c2-42eb-acc7-aade30946dd2",
    "c7569025-e775-452a-ae81-e5b58a7d22f7",
    "7231233f-5209-4b44-8668-0ce197b7ab5e",
    "d798aa68-ed3b-400c-bb02-58f682ca025c",
    "f6acfb76-23be-4b44-b2f3-9d4e3a3094de",
    "6e86d484-e32d-4c29-97ca-3285df4bffbf",
    "746aeae1-6c45-457c-bc31-48d25a761264",
    "cdcf3f2b-f055-40de-b86e-b72e74ab5210",
    "2dcf13a3-5971-4506-a842-6d77252d1ed9",
    "6af2bd1b-fdd8-4f38-871c-d91a6b51b6ae",
    "e88c3559-eae0-4047-9a18-cf7d08abf5de",
    "eea661e0-f28b-47ca-b84c-2f7276481f59",
    "6f7e127c-29f9-4666-85f3-2e8026156cb5",
    "71066f38-9d6c-4898-a59f-1067c758bd7c",
    "2b3582bf-9ea9-481c-ab6d-c5875f4c1807",
    "a7f1e68d-5569-4334-b1c2-d95af258ae8c",
    "95fab3db-047c-4791-aeee-0616b55f21f0",
    "bf731733-17fa-4f5b-80e7-5b9b655df424",
    "f654cd2b-51a4-4182-9801-e921d8fa869c",
    "57c1a64f-1c86-40d4-bb63-1d144abe68ac",
    "2fd90fec-7b9b-43d3-b352-99040f573adb",
    "b0e68acd-3fa3-4998-8dd0-c9316fb0ab65",
    "80718f94-41ec-49e6-ae18-45951c8f4de1",
    "94e52309-78ef-4675-9c55-100ca62c866e",
    "ec56968a-b976-4334-a870-4994e6883b6e",
    "82845ffc-4f76-4347-8a7c-0ba6622c59cd",
    "5938b6f3-2f8a-4f97-a8bf-3ffdb2e2cee1",
    "3c1f1de3-721d-451b-a923-b2e2b7088130",
    "02fbf714-cc48-4ff3-bb84-0749411281aa",
    "e7299ef5-d66e-4cd1-9932-a3cc47eb908e",
    "b8600413-a461-45c1-aab9-6b5b83d347a4",
    "6dfd7ed6-13c3-4b2d-ba75-f2d586f1e896",
    "103fee59-2420-4d29-888d-266116711f73",
    "cf6a3b76-a48a-4dbf-84f0-524a0e2b1e87",
    "2f7e1d9a-d060-4557-af06-409a5ad9a2ba",
    "a9c7dea3-532b-49ef-87d0-bb39fb07a071",
    "8baa81c6-0743-496b-b474-8027ee94eb79",
    "73af9c48-1620-426e-9961-1ba1d03dba53",
    "92dd0171-b55e-4f74-b873-fb5ba44bafc7",
    "c0528237-bacd-45c3-bf48-14a3b95180ae",
    "745372b2-f379-4507-9042-d7557a3f94db",
    "4c3bb380-0f7c-426c-8541-08440bd38990",
    "5fae256e-1118-486b-86fd-b04e761624a1",
    "e90917ae-e468-48dd-9223-b91ec5c99be3",
    "acb91979-ac8d-4ef7-a3bf-1bae8269d36e",
    "39f41717-05ff-4858-8c66-597889daf856",
    "9e16fa02-1295-4bd2-ab63-b44fab53d469",
    "57786dc2-2a23-42d9-a273-118f5272d1ec",
    "8da18594-520b-492a-8019-39de98ba0e06",
    "5f76ef70-981b-4566-b88e-c9365f5b953c",
    "378aee1d-9424-4f96-b153-61e3ef3ada70",
    "09468d52-f7f3-4a97-aec8-4802d5ac9864",
    "f53560e2-7bf3-481c-8ced-01818119c6a6",
    "ae2528d0-07af-4d30-9f9e-e318a113a6d7",
    "44f09355-7081-438d-bd83-dc8e85f9deae",
    "0a351fac-8cdb-446d-ad30-afac7677c568",
    "12f9406f-8728-4b0c-8d7f-406393690b14",
    "3035da53-b6ca-4f18-aad6-56ef849619d1",
    "f6958bee-d86b-410e-b7a0-b39388b6c389",
    "ce47780d-ca80-4b5e-977b-2dba8995e384",
    "868d4076-e4c2-41bf-8a9c-488ced4516e6",
    "d70778a5-4aaf-4f2e-b4b9-0ca85c7d1109",
    "aa327371-c62c-4a5f-99d5-0a30ded44fea",
    "59d2593b-a481-44ae-b549-72658d473cf3",
    "3c6a4055-9d61-4c1a-b57c-79f86cf4d445",
    "7ed54c4d-be45-4308-93e7-01e66372d11a",
    "7272d370-5d2a-4c24-84ed-d3bc77b1c2c6",
    "9f786e1d-572c-4ec9-9a45-f82dda44b3e3",
    "aee56795-2d9f-4aae-a1ad-998f7cecfba4",
    "d33ffd38-9eb1-4fb7-8ee3-d0eee73c668a"
  ],
  "num_tracks": 100,
  "training_history": {
    "loss": [
      0.8064641127330465,
      0.5222474176501576,
      0.19502663332513168
    ],
    "val_loss": [
      0.8409075781887407,
      0.580505588096419,
      0.26242084894143713
    ]
  },
  "training_date": "2025-03-14T16:24:27.112054",
  "model_version": "1.0.0-mock"
}